DOI,PMID,arXiv ID,Title,Abstract,Authors,Journal,Year
10.14393/rbcv74n3-65431,,,Generalização Cartográfica: Desafios e Perspectivas,"Conceitos e procedimentos relacionados ao tema de generalização cartográfica evoluíram nas últimas décadas. Originalmente, este processo era aplicado no contexto analógico para garantir a manutenção da visualização e comunicação cartográfica de forma adequada. No entanto, com o avanço da cartografia digital o paradigma é ampliado e, então, o processo é aplicado desde a concepção do produto cartográfico, ou seja, quando se deseja reduzir uma base de dados para um mínimo necessário, mas mantendo as propriedades espaciais relevantes do conjunto. Computacionalmente, as regras de generalização são expressas por meio de algoritmos computacionais que incluem aspectos de semântica e geometria, assim como exigem, além de formulações objetivas, análises subjetivas de difícil implementação e automatização. Além disso, a inserção de novas tecnologias de aquisição e processamento de dados geoespaciais produzem novas lacunas científicas a serem superadas. Nesse aspecto, este trabalho busca, a partir de uma pesquisa bibliográfica e bibliométrica, identificar como as novas tecnologias ampliam os desafios relacionados à generalização cartografia. Observa-se que, apesar dos operadores de generalização serem considerados satisfatórios, o número de publicações na temática é crescente e apresenta interesse internacional. Ademais, as novas tecnologias como algoritmos de Inteligência Artificial, aquisição de dados geoespaciais de forma incremental e construções de representações 3D inserem complexidades teóricas e práticas que devem ser superadas. Logo, os avanços da generalização cartográfica dependem da implementação de soluções relacionadas à materialização computacional dos operadores de generalização em processos objetivos que permitam a compreensão imediata da relação geométrica e estatística formada por um conjunto de dados geoespaciais.","Fabiano Peixoto Freiman,Fabiano Peixoto Freiman,Daniel Rodrigues dos Santos,Daniel Rodrigues dos Santos",Revista Brasileira de Cartografia,2022
10.3895/rbgeo.v7n3.9033,,,Generalização cartográfica em estruturas vetoriais: aplicação em contornos de reservatórios,"The maps must contain a density of information that allows the clear interpretation of its objectives. In this context, cartographic generalization is applied, which allows, among other things, to simplify and smooth the geometry of map objects. In this generalization, parameters that depend on the scale of the map are used so that its readability can be preserved, as well as its accuracy, according to the derived scale. In this paper, we discuss the simplification and smoothing algorithms present in the ArcGIS software, for polygon vector structures, applied to the edges extracted from the contour of the reservoir Engenheiro Francisco Saboia, Ibimirim-PE, Brazil. The generalized object was evaluated through quality measures, such as: analysis of the total number of points, visual, topological and positional evaluation, in order to decide which generalization algorithm best preserved the information that characterizes the initial feature. Images were merged by Principal Components into CBERS-4 satellite imagery to obtain the reservoir feature at 1: 25,000 and the generalization operators were applied to obtain the final scale of 1: 50,000.","Laízy de Santana Azevedo,Laízy De Santana Azevedo,Evely Ferreira do Nascimento,Evely Ferreira Do Nascimento,Ana Lúcia Bezerra Candeias,Ana Lúcia Bezerra Candeias",,2019
10.35424/rcarto.i90.461,,,Proposta de metodologia para generalizacao cartografica para mapaeando topografico de areas urbanas,"La generalización cartográfica consiste en la preservación de las características de los elementos representados en una carta topográfica cuando su escala es reducida, de forma que la información pueda ser comprendida fácilmente por el usuario; en otras palabras, es un proceso de adaptación cuantitativo y cualitativo. La elabora- ción de cartas topográficas en diferentes escalas a través de generalización es reali- zada en varios países, haciendo más eficiente la producción y actualización del mapeo base. Dentro del contexto de generalización, este trabajo tiene como objetivo definir una metodología para la representación de edificaciones, límites de propie- dades y vías en escala 1:5.000, por generalización de cartas topográficas en escala 1:2.000. Esto fue realizado por medio de un análisis de las clases de los elementos presentes en la escala reducida, así como de la identificación de los problemas de representación, y de la definición y aplicación de los operadores de generalización cartográfica. Los resultados se alcanzaron utilizando el software ArcMap y los operadores de generalización: eliminación, simplificación y amalgamado, de acuer- do con cada problema de representación detectado. La generalización manual es un proceso subjetivo e intuitivo, por esta razón el resultado depende de los operadores de generalización y del grado de aplicación de los mismos, siendo estos factores consecuencia de las decisiones tomadas por el cartógrafo.","Mônica Cristina de Castro,Mônica Cristina Castro,Cláudia Robbi Sluter,Claudia Robbi Sluter",Revista Cartográfica,2014
10.1590/s1982-21702014000300038,,,AUTOMAÇÃO DOS OPERADORES DE AGREGAÇÃO E DESLOCAMENTO PARA GENERALIZAÇÃO CARTOGRÁFICA NA REPRESENTAÇÃO DE REDES SOCIAIS,"A generalizacao cartografica sempre teve um carater subjetivo, o que implica que mapas de mesma escala derivados de um mesmo mapa fonte, por diferentes cartografos, resultem em diferentes representacoes. Alem disso, com a evolucao da informatica surgiu a necessidade da padronizacao deste processo para que os produtos cartograficos gerados fossem sempre os mesmos. Nesta pesquisa aborda-se a aplicacao da generalizacao na representacao de redes sociais de assistencia social. Os nos desta rede sao os atores sociais – individuos, grupos ou instituicoes – que atuam em uma regiao e as ligacoes existentes entre os mesmos sao os arcos, sendo que estas ligacoes nao sao fisicas. O foco do estudo e a automacao dos operadores geometricos de agregacao e deslocamento agindo sobre as feicoes pontuais, que sao os atores sociais. Quando ha sobreposicao entre os atores sociais, os que possuem mesma classificacao sao agregados gerando um novo simbolo. Ja o deslocamento e utilizado para resolver a sobreposicao entre atores sociais de classes diferentes. Para tanto, foi desenvolvido um programa para a execucao da generalizacao cujos resultados sao apresentados neste artigo.","Renan Martins Pombo,Renan Martins Pombo,Luciene Stamato Delazari,Luciene Stamato Delazari",Boletim De Ciencias Geodesicas,2014
,,,GENERALIZAÇÃO CARTOGRÁFICA DE GRADES RETANGULARES REGULARES BASEADA NA TEORIA MATEMÁTICA DA COMUNICAÇÃO,"Nesta Tese apresenta-se uma proposta para realizar generalizacaocartografica da superficie topografica representada pelo metodo da grade retangularregular. A proposicao do metodo de generalizacao e baseada na Teoria Matematicada Comunicacao de Shannon - TMC. Para aplicar a TMC e necessario identificaruma fonte de dados e expressar conceito de similaridade por meio de uma funcao.Os dados da representacao da superficie sao tratados como secoes verticais doterreno com orientacao paralela aos X e Y. As secoes verticais paralelas do terrenosao consideradas como os eventos aos quais se atribui probabilidades iniciais. Esteseventos sao avaliados por uma funcao com objetivo de detectar similaridades entreseles. Quando sao detectadas similaridades entre os eventos a transmissao dainformacao e prejudicada. O prejuizo da comunicacao e tanto maior quanto maiorfor a ocorrencia de similaridades. O valor de similaridade entre dois eventos podeassumir qualquer valor no intervalo [0,1]. A existencia de similaridades entre osdados incorre em equivocacao, isto e, pode haver engano ao interpretar a respostada comunicacao. A existencia de equivocacao implica em reducao da informacaoutil que se pode obter do sistema de comunicacao. Em termos de representacao dasuperficie topografica, a funcao de similaridade proposta atua sobre os dados dassecoes verticais paralelas do terreno. Quando o desnivel entre pontos pertencentes aduas secoes verticais paralelas do terreno for menor do que um valor de tolerânciaentao pode haver similaridade entre as duas secoes. A ocorrencia de pares de secoes similares pode indicar que a representacao da superficie pode ser realizada sem quese use uma das duas secoes similares. O procedimento de deteccao de similaridadese aplicado de forma iterativa e aquelas secoes consideradas similares podem serexcluidas do conjunto de secoes. O resultado da remocao de secoes e uma graderetangular irregular que contem apenas os pontos necessarios a representacao dasuperficie considerando o criterio de similaridade expresso na funcao desimilaridade. Sao realizados testes com regioes de relevo com diferentescomportamentos, e com variacao na orientacao da grade retangular. A declividademedia da regiao tem relacao com a tolerância para o desnivel que e usado na funcaode similaridade. Os testes realizados mostram que o processo de remocao de secoesverticais paralelas do terreno pode ser aplicado a generalizacao cartografica derepresentacoes da superficie por grades retangulares regulares.  Cartographic generalization for rectangular regular grids based uponmathematical theory of communication Abstract   This Thesis presents a topographic surface generalization method for thesurfaces represented as a regular rectangular grid. The proposition is based onShannons Mathematical Theory of Communication - MTC. The application of thistheory requires the identification of a data source as well as the expression of asimilarity concept to be used on that data. The grid data is considered as verticalterrain sections parallel to the X and Y axes. For the purpose of the MTC thesevertical terrain sections are considerded to be events and thus can have probabilityvalues associated. These events are evaluated by a similarity function. In the case ofpresence of similarity among a pair of vertical terrain sections the comunicationprocess can be affected. The similarity value a pair of vertical terrain sections canassume is defined in [0,1] interval. The presence of similarities among eventsimplies in equivocation, that is, it can result in misunderstanding of receivedinformation. An increment in the ocurrence of similarities results in increment to theequivocation value. Equivocation implies in reduction of useful information thesystem can transmit. In terms of topographic surface representation, the similarityfunction acts on the vertical terrain sections. When the difference between twoaltitudes of two parallel vertical terrain sections is lower than a tolerance value thenthese points can contribute to the similarity value of that pair of sections. Theexistence of similar pairs of vertical terrain sections allows to suppose that one ofthem can be discarded for the purpose of surface representation. The detection ofsimilarities can be aplied iteratively and the similar sections can be excluded fromthe data set. The result is a rectangular irregular grid data set that contains the pointsneeded to represent the surface taking in account the criteria expressed by thesimilarity function. Diferent surfaces and diferent grid orientation are tested. Themean slope of the rectangular regular grid has relation to the tolerance value forsimilarity function. The tests showed that the iterative removing section process canbe used as cartographic generalization process for rectangular regular grids.","Henrique Firkowski,Henrique Firkowski",Boletim De Ciencias Geodesicas,2003
10.1590/s1982-21702010000300005,,,Generalização cartográfica aplicada à representação de redes sociais,"O termo rede e usado em varias areas do conhecimento, com diversas acepcoes e diferentes aplicacoes. Nas ciencias sociais estudam-se as redes sociais que abrangem pessoas, grupos e instituicoes, chamados de nos, que se interligam. Nestas redes os atores sao representados por nos e suas relacoes por linhas. A apresentacao destas redes pode ser feita por grafos, sem referencia espacial. Com o conhecimento da posicao geografica dos atores estes podem ser inseridos em  mapas, que apoiados sobre uma base cartografica referenciam espacialmente a rede social. O objetivo deste trabalho e representar digitalmente estas redes sociais em uma tela de um monitor de 15 polegadas. Como a area de representacao e pequena ocorrem problemas de comunicacao como o congestionamento de simbolos. Este problema foi resolvido com a aplicacao da generalizacao cartografica da qual valeram-se dos operadores agregacao, deslocamento e suavizacao. Os resultados mostram que os mapas generalizados sao mais eficazes no processo de comunicacao.","Renan Martins Pombo,Renan Martins Pombo,Cláudia Robbi Sluter,Claudia Robbi Sluter",Boletim De Ciencias Geodesicas,2010
10.14393/rbcv75n0a-67211,,,Representação de Cartas Topográficas em Dispositivos Móveis de Realidade Aumentada Aplicando Conceito de Generalização Cartográfica,"A visualização de mapas por meio de Realidade Aumentada pode facilitar análises topográficas, pois tais ferramentas permitem representar a topografia de maneira interativa e dinâmica em ambientes 3D. Porém, muitas vezes isto é feito de forma simples e sem levar em conta princípios de comunicação cartográfica. Este presente trabalho tem como objetivo a proposta de uma metodologia baseada em regras de Generalização Cartográfica para otimizar a visualização de cartas topográficas em ambientes de Realidade Aumentada indoor. Este aprimoramento é almejado visando a manutenção das características originais do relevo. Nos experimentos, o modelo digital do terreno (MDT) foi utilizado para extração de curvas de nível em escala de 1:10.000 e depois em escala reduzida de 1:15.000. Foram analisadas as condições geométricas de Coalescência, Congestionamento, Conflito e Imperceptibilidade. Esses problemas foram solucionados por meio de operadores de Realce, Seleção e Simplificação com os algoritmos de Douglas-Peucker, Passa-baixas e Savitzky- Golay. Os operadores de Realce e Seleção foram aplicados anteriormente à Simplificação, como um pré-processamento.Os algoritmos de Simplificação foram comparados quanto a sua capacidade de reduzir os dados e a preservação da informação geométrica original do relevo. Os resultados apontam que o objetivo pode ser atingido e que os filtros de Douglas - Peucker e de Savitzky-Golay apresentaram melhores resultados.","Joyce Raymundo da Silva,Jorge Antônio Silva Centeno",Revista Brasileira de Cartografia,2023
,,,Generalização cartográfica com recurso a inteligência artificial,,J. A. Lopes,,2015
10.14195/978-989-26-0983-6_13,,,Uma proposta para detecção automática de problemas de representação no processo de generalização cartográfica de cartas topográficas,,"Cláudia Robbi Sluter,Claudia Robbi Sluter,Mônica Cristina da Silva Castro,Mônica Cristina Castro",,2015
10.20396/td.v15i0.8654688,,,Mapa geológico simplificado do estado do Rio Grande do Norte: representação cartográfica de elementos geológicos para divulgação das Geociências,"This paper seeks to make accessible the geological language used in technical maps, and to represent cartographically, in a simplified and representative form, geological elements of Rio Grande do Norte (RN) state. This was achieved through manipulation and generalization of spatial data contained in the Geological Map of RN, 1:500,000 scale, produced by the Geological Service of Brazil, in 2006. To create the simplified cartographic material, the use of GIS as a tool for integration and analysis of geological and cartographical knowledge was key. Thematic cartography concepts were also applied, seeking to better represent data available. Cartographic products produced were the Simplified Geological Map of RN, scale 1:500,000, and different inserts in 1:2,500,000 scale. These maps are available in printed and digital format in the context of a GIS. The maps produced can be used by students, researchers, managers and decision-makers, to understand the physical environment.","Robson Rafael de Oliveira,Robson Rafael de Oliveira,Robson Rafael de Oliveira,Marcos Antônio Leite do Nascimento,Marcos Antonio Leite do Nascimento",Terrae Didatica,2019
,,,Representação cartográfica de elementos da geodiversidade do Estado do Rio Grande do Norte,"O presente trabalho teve como principal objetivo tornar acessivel a linguagem geologica utilizada em mapas tecnicos e representar cartograficamente, de forma simplificada e representativa, alguns elementos da geodiversidade do estado do Rio Grande do Norte. Isto sera obtido por meio da manipulacao e generalizacao dos dados geograficos contidos no Mapa Geologico do Estado do Rio Grande do Norte, escala 1:500.000, produzido em 2006. Para a confeccao do material cartografico simplificado, destaca-se o emprego do SIG como instrumento de integracao e analise dos conhecimentos geologicos, espeleologicos e cartograficos. Destaca-se ainda a aplicacao dos conceitos da cartografia tematica, visando aplicar a melhor representacao dos dados. Como produtos cartograficos tem-se o Mapa Geologico Simplificado do Estado do Rio Grande do Norte, escala 1:500.000, e o Mapa de Potencialidade de Ocorrencia de Cavernas do Estado do Rio Grande do Norte, escala 1:1.000.000. Estes mapas encontram-se impressos e em formato digital no contexto de um Sistema de Informacoes Geograficas. Correlacionando as informacoes, observa-se que o Mapa de Potencialidade de Cavernas possui relacao direta com o Mapa Geologico Simplificado. Os mapas produzidos, poderao ser utilizados por estudantes, pesquisadores, gestores e tomadores de decisoes para compreender o meio fisico (ou geodiversidade). Consequentemente, estes produtos permitirao uma conscientizacao da importância da compreensao do meio-fisico para aplicacao do desenvolvimento sustentavel.","Robson Rafael de Oliveira,Robson Rafael Oliveira",,2016
10.14393/rbcv64n1-43777,,,SISTEMA DE NAVEGAÇÃO E GUIA DE ROTA ÁUDIO-DINÂMICO COM MÚLTIPLAS ESCALAS AUTOMÁTICAS,"Este trabalho apresenta a elaboracao de mapas audio-dinâmicos e generalizados para um Sistema de Navegacao e Guia de Rota em Automovel (SINGRA). As representacoes foram projetadas com base nos principios da comunicacao cartografica, e enfase nas operacoes de generalizacao. A midia utilizada consistiu em um monitor de navegacao de sete polegadas, e as escalas foram definidas em funcao da midia e da tarefa tatica, e resultaram em 1/10.000, 1/5.000, 1/2.500 e 1/1.000. Sobre uma base na escala 1/1.000, aplicou-se as operacoes de simplificacao, exagero e deslocamento, para a obtencao dos mapas generalizados. Os comandos de voz, pre-gravados na voz feminina, foram executados em sincronia com os mapas. A solucao em multiplas escalas foi implementada em um SINGRA disponivel na Faculdade de Ciencias e Tecnologia (FCT-UNESP), a partir do compilador Visual Basic e da biblioteca MapObjects. A comparacao visual entre o sistema de multiplas escalas e de escala unica revelou que o novo SINGRA pode apresentar a informacao em funcao da tarefa tatica, o que e um fator relevante porque para distintos momentos da viagem, o motorista requer diferentes tipos de informacao. Todavia, recomenda-se testar as representacoes com um grupo de motoristas para avaliar a usabilidade do sistema.","Ana Paula da Silva Marques,Ana Paula da Silva Marques,Mônica Modesta Santos Decanini,Mônica Modesta Santos Decanini,Edmur Azevedo Pugliesi,Edmur Azevedo Pugliesi",Revista Brasileira de Cartografia,2012
10.11606/t.3.2007.tde-06072007-161815,,,Generalização cartográfica em sistemas de informação geográfica: aplicação aos mapas de vegetação da Amazônia Brasileira.,,"Júlio César Lima D'Alge,Júlio César Lima D'Alge",,2007
,,,Cartographic generalization in geographic information systems: an application to vegetation maps in the Brazilian Amazonia (Generalização cartográfica em sistemas de informação geográfica: aplicação aos mapas de vegetação da Amazônia Brasileira),,J. C. L. D'Alge,,2007
,,,Generalização cartográfica para um Sistema de Navegação e Guia de Rota em Automóvel áudio-dinâmico com múltiplas escalas,,"Ana Paula da Silva Marques,Ana Paula da Silva Marques",,2011
,,,Generalização cartográfica automatizada para um banco de dados cadastral,,"Vladimiro Dal Santo,Dal Santo,Mariane de Almeida Alves,Mariane Alves",,2007
,,,Aplicação da Generalização Cartográfica em Mundos Virtuais,"This work deals with the transposition of cartographic concepts and tools
to virtual reality applications, using cartographic generalization in virtual urban
worlds for tourism applications. Cartographic Generalization is an area in
Cartography concerned with the generation of versions of cartographic maps.
In virtual worlds, it can be implemented using Levels of Detail - LODs, but
there are no known rules for constructing these levels automatically; most
of the literature concentrates in polygon simplification. To get versions of
maps, Cartography uses twelve operators, applied by the cartographer using
domain-specific knowledge: simplification, smoothing, aggregation, amalgamation,
merging, collapse, refinement, exaggeration, enhancement, displacement,
classification and symbolization. An analysis of these operators is performed
in the context of virtual reality. The cartographer domain-specific knowledge
is modelled in knowledge rules in an expert system. This expert system is
responsible for the selection of important objects and of the application of cartographic
operators in virtual worlds. Three operators were implemented to
virtual worlds: simplification, smoothing and symbolization. Finally, SisGen3D,
a system for generalization virtual VRML worlds is presented. This system, developed
in Java, modelled in UML and using the MySQL database, is validated
using the Recife Antigo Virtual as a testbed.","Cledja Karina Rolim da Silva,Cledja Karina Rolim da Silva",,2005
,,,Alfabetização cartográfica - problema ou solução?,"A ideia de trabalhar ""Alfabetizacao Cartografica"" surgiu durante uma aula de Iniciacao a Pratica de Ensino. Discutia-se a falta de preparo de alguns profissionais para ensinar as questoes relativas a cartografia. Nao se trata de generalizacao e sim de constatacao de um problema que convive com os educadores.","Siziane Maria Koch,Siziane Maria Koch",,2000
,,,Mapa geodiversidade do estado do Tocantins,"Base cartografica digital, escala 1:1.000.000 obtida a partir da Base Cartografica Integrada Digital do Brasil ao Milionesimo do IBGE
(2014). Base Cartografica Digital Continua. Estado do Tocantins. Palmas, Naturatins/Seplan, 2004. DVD-ROM. (Base geoespacial vetorial e de imagens de satelite elaborada em escala 1:100.000, adequada a escala 1:1.000.000). Dados originais em sistema de projecao cartografica Conforme de Lambert, SAD 69. Dados renomeados e reprojetados para o sistema de projecoes geograficas, SIRGAS 2000, pela CPRM, para atender ao Mapa Geodiversidade do Estado de Tocantins.
Base geologico-ambiental obtida a partir da reclassificacao e generalizacao da Carta Geologica ao Milionesimo do Brasil (CPRM, 2002).
Fonte dos dados do Modelo Numerico de Terreno: Shuttle Radar Topography Mission (SRTM) (Dados de dominio publico disponiveis
em: U.S. Geological Survey, EROS Data Center, Sioux Falls, SD).
Relevo Sombreado: iluminacao artificial com declinacao de 35o e elevacao de 45o, processada no software ENVI pela Divisao de
Sensoriamento Remoto e Divisao de Geoprocessamento.","Cprm Serviço Geológico Do Brasil,Cprm Serviço Geológico Do Brasil",,2016
,,,APLICAÇÃO DOS CONCEITOS DE GENERALIZAÇÃO CARTOGRÁFICA EM UM MAPA TURÍSTICO PARA A APRESENTAÇÃO EM COMPUTADORES DE MÃO,"O uso de mapas digitais na internet e em computadores de mao como palmtops epocket PCs tem aumentado. Entretanto, a producao dos mapas ocorre de formaempirica, sem a aplicacao dos conceitos cartograficos, obtendo-se como resultadomapas com baixo poder de comunicacao. Com o objetivo de apresentar informacoesespaciais em um pocket PC HP Jornada 568, foi desenvolvido o projetocartografico de um mapa turistico, onde esta representada a regiao central da cidadede Curitiba, adequando-o as propriedades fisicas do equipamento utilizado. Adeterminacao do conteudo de informacao a ser apresentado no mapa esta vinculadaas escalas de representacao utilizadas na tela do computador de mao, sendo estas:1:5.000, 1:10.000 e 1:20.000, e cuja metodologia foi baseada em estudos cientificospublicados sobre generalizacao cartografica. Os materiais utilizados para arealizacao desta pesquisa correspondem a base cartografica digital da cidade deCuritiba referente ao ano de 2001, um computador Pentium 2.2 GHz e o pocket PCHP Jornada 568. O computador foi utilizado para o desenvolvimentos dos simbolospontuais pictoricos, para a aplicacao dos conceitos de generalizacao cartografica nomapa turistico, criado no software ArcView GIS 3.2, e para gerar as imagens (.bmp),das telas apresentadas no pocket PC.  Map generalization applied to touristic map for hand held computers Abstract   The use of digital maps in internet or in computers as palmtops or pocket PCs hasincreased. However in several situations, the cartographic presentation of thosedigital maps is based on empirical decision, that is , the theory of map design is notapplied. As a result, we can find maps low power of communication. In order topresent spatial information in a pocket PC HP Jornada 568 screen, a cartographicdesign for a tourist map, was developed and applied for the physical properties ofthe equipament. This tourist map presents the central region of Curitiba downtown.The definition of information to be presented on the map is in accordance whit the1:5.000, 1:10.000 and 1:20.000 scales. The methodology was based on scientificstudies on cartographic generalization. The material use for accomplishment thisresearch correspond to the base cartographic digital of Curitiba downtown, acomputer Pentium 2,2 GHz and the pocket PC HP Jornada 568. The computer wasused for the developments of the pictorial prompt symbols, for the application of theconcepts of cartographic generalization in the tourist map, created in softwareArcView GIS 3,2, and to generate the images (.bmp), of the screens presented inpocket PC.","Mônica Inês dos Santos Pires,Mônica Inês dos Santos Pires,Cláudia Robbi Sluter,Claudia Robbi Sluter,Luiz Augusto Koenig Veiga,Luiz Augusto Koenig Veiga",Boletim De Ciencias Geodesicas,2004
,,,"Estudo da simbologia para cartas nas escalas 1:2.000, 1:5.000 e 1:10.000 de mapeamento urbano do paranacidade e generalização cartográfica",,"T. A. Taura,Tatiana Ayako Taura,Cláudia Robbi Sluter,Claudia Robbi Sluter,Henrique Firkowski,Henrique Firkowski",,2009
,,,"Generalização Cartográfica, Representação do Conhecimento e SIG","This paper discusses cartographers' knowledge of the process of cartographic generalization. It debates the knowledge representation hypothesis in terms of geographic processes, and describes potentials and limitations of artificial intelligence techniques applied to generalization. A critical review is made, which attempts to reexamine the role of generalization in a GIS context.","Júlio César Lima D'Alge,Júlio C. L. D'alge,Michael F. Goodchild,Michael F. Goodchild,Pesquisas Espaciais,Pesquisas Espaciais,Caixa Postal,Caixa Postal",,1996
,,,GENERALIZAÇÃO CARTOGRÁFICA PARA A REPRESENTAÇÃO E ANÁLISE DE REDES SOCIAIS,The term network is used in many areas of knowledge and with different meanings and applications. In the social sciences are studied ...,"Renan Martins Pombo,Renan Martins Pombo",Boletim De Ciencias Geodesicas,2009
10.3895/rbgeo.v5n4.5512,,,Avaliação dos operadores de generalização geométrica simplificação e suavização no processo de comunicação cartográfica: análise da representação hidrográfica nas cartas topográficas,"O processo manual de generalizacao cartografica ocorre muitas vezes de forma intuitiva e varia de acordo com o profissional que o realiza, sua utilizacao vem sendo discutida por autores como McMaster e Shea (1992) que propuseram um modelo conceitual para automatiza-lo. Neste modelo, destacam-se dois tipos de transformacoes de generalizacao: as transformacoes espaciais associadas a generalizacao geometrica, e as por atributos referentes a generalizacao conceitual. Busca-se analisar a feicao e o seu aspecto semântico na carta topografica. As cartas topograficas utilizadas sao referentes as escalas 1:50.000 e 1:100.000 na regiao do ribeirao Panga, no Municipio Uberlândia (MG). Para extracao das feicoes lineares contidas na bacia desse rio, utilizaram-se ferramentas do software Quantum GIS e do ArcGIS. Dos processos de transformacao descritos por McMaster e Shea (1992), usaram-se os operadores de simplificacao e suavizacao. Para tanto, utilizaram-se os algoritmos de Douglas e Peucker (1973), para simplificar pontos e o de PAEK, orientado a suavizacao feicoes lineares, disponibilizados no ArcGIS. Apos aplicacao desses operadores, realizou-se uma comparacao com as cartas do IBGE, e observou-se que os operadores atuaram conforme o proposto em areas com mudancas de comprimento dos rios e, por outro lado, detectaram-se erros de posicionamento e a supressao da feicao.","Tulio Alves Santana,Tulio Alves Santana,Tulio Alves Santana,Vinícius Sales,Vinicius Ferreira Sales,Fernando Luiz de Paula Santil,Fernando Luiz de Paula Santil,Fernando Luís de Paula Santil,Rodrigo Bezerra de Araújo Gallis,Rodrigo Bezerra de Araújo Gallis,Rodrigo Bezerra de Araújo Gallis,Rodrigo Bezerra de Araújo Gallis",,2017
,,,O novo mapa de solos do Brasil: legenda atualizada.,"O novo mapa de solos do Brasil na escala 1:5.000.000, atualizado de acordo com o Sistema Brasileiro de Classificacao de Solos (2006), possibilita a identificacao e visualizacao das diferentes classes gerais de solos. O novo mapa se faz necessario para manter atualizada a informacao de solos do pais a partir dos mapas de solos do Brasil produzidos em 1981 pela Embrapa e o de 2001 pelo IBGE/EMBRAPA, acompanhando o avanco dos estudos de solos e o progresso continuo do Sistema Brasileiro de Classificacao de Solos. As principais mudancas no mapa sao de natureza taxonomica, nao havendo qualquer alteracao quanto a generalizacao cartografica observada nos mapas anteriores. Da mesma forma que os mapas anteriores, exibe uma visao panorâmica da grande diversidade de solos do pais, fornecendo informacoes para fins de ensino, pesquisa e extensao, planejamento territorial, compreensao da paisagem nacional para fins de zoneamentos e planejamentos regionais e estaduais em escalas generalizadas.","H. G. dos Santos,H. G. dos Santos,H. G. dos Santos,H. G. dos Santos,H. G. dos Santos,H. G. dos Santos,W. de Carvalho,W. de Carvalho Junior,R. de O. Dart,R. de O. Dart,M. L. D. Áglio,M. L. D. Aglio,Joilson Silva de Sousa,J. S. de Sousa,Josep Gol Parés,J. G. Pares,A. Fontana,Ademir Fontana,A. Fontana,Adriana Lau da Silva Martins,A. L. da S. Martins,Amauri Pereira de Oliveira,A. P. de Oliveira",,2011
10.5007/1984-8412.2019v16n1p3482,,,Null objects/full pronouns and topicality in Brazilian Portuguese,"It is a well-known fact that Brazilian Portuguese (BP) allows null objects whose antecedents are inanimate. However, there are certain sentences that seem to defy this generalization. These sentences also allow full pronouns in the position of the object. In the present work, I argue that the gap in these sentences is not the typical null object of BP, that is, there is no DP ellipsis. The question, then, is how to differentiate them (i) from those containing the true null object;; and (ii) from those that only allow the full pronoun. To discuss these issues, the present paper follows the generativist framework and builds on recent proposals for different types or topics from a cartographic perspective (FRASCARELLI; HINTERHOLZ 2007). By comparing BP null objects to Hebrew null objects (ERTESCHIK-SHIR  et al.  2013), I assume that different types of topics must be distinguished in terms of their role in discourse. BP, however, is not similar to Hebrew with respect to the Topic Drop phenomenon. This discussion grounds the proposal on the distribution of the null object and full pronoun in BP advanced in this work. The paper intends to contribute to the discussion about the null object / full pronoun alternation in BP.","Sônia Cyrino,Sonia Maria Lazzarini Cyrino,Sonia Cyrino",Fórum Linguístico,2019
10.14393/rbcv71n2-47260,,,Determinação de dimensões mínimas para simbologia de cartas topográficas urbanas,"O objetivo deste artigo é definir critérios para o estabelecimento de dimensões mínimas para a padronização da simbologia de cartas topográficas urbanas. Este trabalho faz parte de uma de pesquisa cuja finalidade é propor e validar métodos para a produção de cartas topográficas por generalização cartográfica automatizada no Brasil. Para automatizar este processo é necessário o conhecimento de dimensões mínimas de tamanho e distância para definir e identificar problemas de representação. As cartas topográficas no Estado do Paraná são produzidas na escala 1:2.000 e, quando há necessidade, cartas em escalas menores podem ser produzidas pela redução de escala e pela seleção de feições. Como consequência, tem-se produtos cartográficos com problemas de representação. A aplicação da generalização cartográfica pode assegurar a legibilidade dessas cartas. Há uma proposta de padronização da simbologia para as cartas topográficas na escala 1.2.000, de áreas urbanas do estado do Paraná, porém não há recomendações de como abordar a simbologia quando a produção ocorre por generalização cartográfica. Para isso foi necessário desenvolver testes de percepção visual de tamanhos mínimos para símbolos coloridos condizentes com a simbologia proposta para feições de edificações, limites de propriedade e vias urbanas. Os resultados mostram que não há valores mínimos universais para tamanho e distância na cartografia topográfica, pois a percepção visual é influenciada pelas diferentes cores dos símbolos.","Mônica Cristina da Silva Castro,Mônica Cristina Castro,Cláudia Robbi Sluter,Claudia Robbi Sluter",Revista Brasileira de Cartografia,2019
10.5380/raega.v43i0.51326,,,COMPATIBILIDADE VISUAL DAS REDES DE DRENAGENS DA BACIA HIDROGRÁFICA DO RIO JORDÃO (MG) EXTRAÍDAS DOS MDEs SRTM E ASTER USANDO OPERADORES DE SIMPLIFICAÇÃO E SUAVIZAÇÃO,"A generalizacao cartografica visa adaptar as feicoes cartograficas e as suas relacoes geograficas de acordo com a escala de representacao do produto cartografico. Com o advento dos computadores, os operadores permitem observar essa adaptacao geometrica e semântica desse conjunto de feicoes segundo a funcao e a finalidade estabelecidas para esse produto. Com o proposito de analisar visualmente a generalizacao cartografica de feicoes lineares extraidas do Modelo Digital de Elevacao (MDE), a partir da aplicacao dos operadores simplificacao e suavizacao, tornou-se o foco deste trabalho. No caso, foram usados os algoritmos POINT-REMOVE, para a simplificacao e o PAEK, para a suavizacao das redes de drenagem extraidas a partir do MDE ASTER e do MDE SRTM, respectivamente, com 30 e 90 metros de resolucao espacial. Esses operadores estao disponiveis no software ARCGis 10.1 e a area de estudo foi a bacia hidrografica do Rio Jordao (MG).   Houve controle da qualidade posicional da carta topografica gerada em meio digital e dos MDEs e a comparacao visual ocorreu com a sobreposicao desses produtos. Para essa analise visual se valeu dos  principios da   fotointerpretacao e do modelo de comunicacao cartografica  e os resultados apontam maior similitude entre os trechos lineares com a carta topografica dessa bacia, independentemente do MDE. Por outro lado, a resolucao espacial e a topografia interferem na extracao dessa rede de drenagem","Franciele Marques Tolentino,Franciele Marques Tolentino,Claudionor Ribeiro da Silva,Claudionor Ribeiro da Silva,Fernando Luiz de Paula Santil,Fernando Luiz de Paula Santil",,2018
10.14393/rbcv67n6-44630,,,UMA PROPOSIÇÃO PARA DETECÇÃO DAS CONDIÇÕES GEOMÉTRICAS EM CARTAS TOPOGRÁFICA DE REGIÕES URBANAS NA ESCALA 1:10.000 DERIVADAS DE 1:2.000,"Este artigo apresenta uma proposicao para a deteccao das condicoes geometricas em cartas topograficas na escala de 1:10.000 derivadas da escala 1:2.000 de regioes urbanas, para a generalizacao cartografica das edificacoes, das vias urbanas, dos limites de propriedade incluindo a toponimia. Os problemas de representacao definidos por McMaster e Shea e por Regnald foram sintetizados nesta pesquisa pelas condicoes geometricas de congestionamento, coalescencia, conflito e imperceptibilidade. A partir destas condicoes geometricas, foram propostas alternativas para restabelecer a legibilidade cartografica atraves do processo de generalizacao cartografica. A selecao de edificacoes, a eliminacao das que estavam abaixo do tamanho perceptivel, a simplificacao de detalhes de comprimento dos lados inferiores ao estabelecido e a agregacao de edificacoes individuais em areas construidas reduziram a complexidade visual e restabeleceram a legibilidade na carta derivada.

Palavras-chaves: Generalizacao cartografica, escala, condicoes geometricas.","Sérgio Comé,Claudia Robbi Sluter",Revista Brasileira de Cartografia,2015
10.1590/s1982-21702010000300002,,,"Generalização cartográfica das cartas do mapeamento urbano nas escalas 1:2.000, 1:5.000 e 1:10.000","Na construcao de mapas, procura-se representar as feicoes de maneira que nao se percam as suas caracteristicas geometricas e espera-se que o usuario do mapa compreenda o seu significado independentemente da escala estabelecida para a  representacao visual. Devido a restricao de espaco para a representacao, deve haver a preocupacao em simbolizar as informacoes de forma visivel e legivel. Se, ao resultado do processo de generalizacao cartografica, for aplicada uma simbologia inadequada, pode haver implicacoes no processo de comunicacao cartografica. Neste trabalho, teve-se por objetivo realizar experimentos de generalizacao cartografica para a derivacao de representacao das feicoes de vias de acesso, quadras, lotes, edificacoes e toponimias, nas escalas 1:5.000 e 1:10.000, a partir da escala 1:2.000. O desenvolvimento do trabalho constou da avaliacao cartometrica  para detectar possiveis problemas geometricos resultantes da reducao de escala e a definicao dos operadores a serem aplicados as feicoes. A adocao da simbologia para as escalas menores foi baseada nas respostas obtidas de experimento orientado especificamente a avaliacao e escolha da simbologia. A aplicacao da simbologia as feicoes componentes das cartas em escala menor comprovou e reforcou a necessidade de se realizar adequacao de simbolos para produtos derivados em escala menor por generalizacao cartografica e, portanto, conduziu a resultados coerentes com o conceito de projeto cartografico.","T. A. Taura,Tatiana Ayako Taura,Cláudia Robbi Sluter,Claudia Robbi Sluter,Henrique Firkowski,Henrique Firkowski",Boletim De Ciencias Geodesicas,2010
,,,GENERALIZAÇÃO CARTOGRÁFICA DIGITAL DE ISOLINHAS EM MAPAS CADASTRAIS,"O presente artigo descreve um metodo para automatizar a generalizacao cartografica digital de isolinhas em mapas cadastrais. A generalizacao cartografica estabelece regras para preservar as caracteristicas geometricas e topologicas dos objetos. Neste trabalho foram consideradas modificacoes de escala na ordem de 1:5.000 a 1:25.000. O processo de simplificacao da escala abrangeu os seguintes estagios: organizacao e analise do banco de dados fonte; manipulacao dos dados: geracao da grade triangular (TIN), definicao dos criterios e indices a serem adotados nas transformacoes, geracao do mapa de isovalores, e suavizacao de isolinhas; avaliacao estatistica dos resultados e analise visual da topologia e geometria dos dados em relacao ao mapa original.","Mariane Alves Dal Santo,Carlos Loch",Revista Brasileira de Cartografia,2008
,,,AVALIAÇÃO CARTOMÉTRICA DA BASE CARTOGRÁFICA DIGITAL ADEQUADA À GESTÃO URBANA POR GENERALIZAÇÃO CARTOGRÁFICA A PARTIR DA ESCALA DE ORIGEM 1:2.000,"This dissertation presents PARANACIDADEs cartographic products
as well as the cartographic problems existing in the municipalities urban digital
databases. These problems are due to the scale reduction of the derived maps for
1/5.000 scale. The derived maps can be affected by geometric and semantic
problems if they have smaller scale than the original one. The geometric
conditions that can be perceived in the represented features are congestion,
coalescence, conflict, complication or difficulty, inconsistency and
imperceptibility. This way, it is necessary to evaluate and review the features
representation for the derived map, taking into account cartographic
generalization concepts, in such a way to adapt it to the new representation
scale. The evaluation carried out in the cartographic database in 1/5.000 scale
contributes to the understanding of visual representations in cartography. The
evaluation of the derived 1/5.000 map is made visually and for each detected
geometric condition a manual generalization procedure is executed. This
approach is based on user understanding of the graphically represented features.
As a result, to apply the geometric evaluation and cartographic generalization
procedures gave rise to a cartographic product closer to the 1/5.000 scale map
specification.","Virginia Thereza Nalini,Virginia Thereza Nalini",Boletim De Ciencias Geodesicas,2005
,,,AVALIAÇÃO QUANTITATIVA DA GENERALIZAÇÃO CARTOGRÁFICA,"Esse trabalho descreve uma metodologia para avaliar a reducao do numero defeicoes decorrentes dos processos de generalizacao cartografica. A generalizacaocartografica esta presente em qualquer atividade de mapeamento porque sempre serepresenta parte da Terra em areas menores, como um pedaco de papel ou uma telade computador. A generalizacao cartografica e ainda necessaria na producao demapas a partir de outros confeccionados em escalas maiores. Portanto, aimportância deste assunto e facilmente reconhecida. A metodologia apresentadaneste trabalho pode ser aplicada tanto na reducao de mapas derivados de outros emescalas maiores como nas atividades de mapeamento basico. Um unico criterio eestabelecido para quantificar a reducao numerica das diversas feicoes mapeadas. Onivel de generalizacao e definido como um Indicador de Generalizacao Cartograficaque resulta da intersecao fuzzy de outros dois Indicadores: o de GeneralizacaoPlanimetrica, e o de Generalizacao Altimetrica. O criterio utilizado para quantificarestes Indicadores e baseado na relacao numerica entre as escalas dos mapasenvolvidos. Os Indicadores sao processados pelo Sistema de Inferencia Fuzzy porconsiderar as incertezas presentes na classificacao das grandezas envolvidas. Oresultado obtido pelo Sistema de Inferencia Fuzzy e baseado em um indicenumerico sobre o qual o Indicador e classificado em uma destas cinco classes: Muito grande, Grande, Media, Pequena e Muito pequena. A classificacao resultantepara o Indicador de Generalizacao Cartografica pode ser transformada em um valornumerico atraves de uma operacao de defuzzificacao, e este valor numerico e,entao, utilizado na avaliacao quantitativa da generalizacao cartografica.  Quantitative evaluation of cartographic generalization Abstract   This paper describes a methodology for evaluating the reduction of the number offeatures as a consequence of a map generalization process. Map generalization ispresent in any mapping activity because we always represent part of the Earth on alimited and smaller area, like a piece of paper or a computer screen. Mapgeneralization is also a necessary task when we generate maps from maps on largerscales. Therefore the importance of this subject is well recognized by thecartographic community. The methodology presented in this paper can be appliedeither for derived mapping (map scale reduction) or basic mapping. In order toquantify the features reduction a basic unit for every feature is established. Thelevel of generalization is defined as a Map Generalization Indicator which is a resultof the fuzzy intersection of two others Indicators, that is, Planimetric Generalizationand Altimetric Generalization. The criterion used for quantifying those Indicators isbased on numerical relation between the map scales. The Indicators are processedby a Fuzzy Inference System based on the uncertainties present in the classificationof the involved greatnesses. The result from the Fuzzy Inference System is anumerical index based on which the Indicators are evaluated as one of those fiveclasses: Very great, Great, Average, Small and Very small. In order to quantify theMap Generalization Indicator the resulted class can be transformed into a numericalvalue by a defuzzify operation. The numerical value is considered a quantitativeevaluation of the map generalization.","Deise Regina Lazzarotto,Deise Regina Lazzarotto,Cláudia Robbi Sluter,Claudia Robbi Sluter,Quintino Dalmolin,Quintino Dalmolin",Boletim De Ciencias Geodesicas,2005
,,,Simplificação consistente de linhas em mapas cartograficos,"A simplificacao de linha e a operacao da generalizacao cartografica que remove os detalhes desnecessarios de uma linha, preservando os principais aspectos da sua forma. A simplificacao consistente de linha preocupa-se tanto em remover estes detalhes, quanto em gerar um mapa que seja consistente.ao original. Um mapa e dito consistente ao original se possuir a mesma topologia que este e conservar espacamentos entre os seus objetos. Os trabalhos em simplificacao consistente presentes na literatura ainda apresentam diversas limitacoes, das quais se destacam a aplicabilidade restrita a determinados tipos de objetos, a ineficacia na preservacao da topologia em certos casos, a ausencia da conservacao de espacamentos e o alto custo computacional. Este trabalho propoe uma nova solucao para o problema da simplificacao consistente, procurando contornar estas limitacoes. Do ponto de vista teorico, ele determina um conjunto de condicoes que se aplicam a todos os tipos de objetos e garantem a consistencia do mapa resultante. Do ponto de vista pratico, ele apresenta um algoritmo que, com base nestas condicoes, e capaz de simplificar consistente e eficientemente as linhas de um mapa. O algoritmo proposto tambem apresenta outras caracteristicas importantes para a simplificacao consistente, tais como a capacidade de produzir de mapas independentes de escala e a invariância do mapa resultante em relacao a ordem de processamento dos dados de entrada 
Abstract","Adler Cardoso Gomes da Silva,Adler C. G. da Silva,Wu Shin-Ting,Wu Shin-Ting",,2007
10.5380/bcg.v9i2.1450,,,REPRESENTAÇÃO E UTILIZAÇÃO DE MAPAS TURÍSTICOS EM COMPUTADORES DE MÃO,"A apresentacao de informacoes espaciais em um palmtop deve sersimplificada e reestruturada para as propriedades fisicas do equipamento. Nestetrabalho a apresentacao de mapas tematicos foi pesquisada para o uso em umpalmtop modelo HP Jornada 568, com sistema operacional Pocket PC e display comtamanho de 3,5. A adequacao das informacoes espaciais foi feita aplicando-se ateoria cartografica destinada a construcao de mapas, envolvendo: a) o estudo dageneralizacao cartografica na determinacao das feicoes que serao vistas na tela dopalmtop; b) o estudo das variacoes graficas, ou seja, variaveis visuais e teoria dascores, aplicadas em projeto de simbolos cartograficos pontuais; c) a determinacao desimbolos cartograficos pontuais adequados ao tamanho da tela do equipamento; d) ageracao de representacao tematica de um mapa turistico, para manipulacao na telade um computador com area de visualizacao de 3,5. A metodologia adotadabaseou-se em estudos cientificos publicados sobre o assunto e utilizou o moduloImage Editor do software Borland Delphi 5 para a geracao dos simboloscartograficos pontuais e o software ArcView GIS 3.1 para a geracao e manipulacaoda representacao tematica na tela de um computador PC com monitor de 17 e areade visualizacao de 3,5. A determinacao do conteudo de informacao a serapresentado no mapa esta vinculada as escalas de representacao utilizadas na tela dopalmtop: 1:5.000, 1:10.000 e 1:20.000. A area de estudo representada foi o centro dacidade de Curitiba onde serao vistas as vias, quadras e toponimias e alguns servicospublicos e estabelecimentos comerciais existentes, representados na forma desimbolos pontuais pictoriais.  Representing and Using Touristic maps on a Palmtop screem Abstract   The presentation of spatial information on a palmtop screen must bereduced and reorganized according to the physical properties of the equipment. In this research, the visualization of thematic maps was developed to be used on a 3,5display size palmtop model HP Jornada 568, with operating system Pocket PC. Theadequacy of the spatial information is assured by applying the cartographic theoryfor the construction of maps, concerning: a) the study of the use of cartographicgeneralization in order to decide how to visualize some features in the palmtopscreen; b) the investigation of the graphical variations and the color theory appliedto the project of cartographic point symbols, c) definition of the cartographic pointsymbols appropriated to the size of the palmtop screen, d) generation of a thematicrepresentation of a tourist map that can be handled on the 3,5 screen of a pocketcomputer. The methodology is based on scientific papers published aboutcartographic point symbols design and computer screen presentation. Thecartographic symbols were generated with Image Editor of the Borland Delphi 5.0software. The thematic representation of 3.5 computer screen was simulated in a17 screen by using the ArcView GIS 3.2. The amount of information depicted oneach of those 1:5000, 1:10000 and 1:20000 map scales was defined based on thenecessary cartographic visualization. The study area is the Curitiba city downtown.The thematic maps represent some public utilities and commercial services, andtheir base map shows streets and their names, and blocks.","Mônica Inês dos Santos Pires,Mônica Inês dos Santos Pires",Boletim De Ciencias Geodesicas,2003
10.5335/rbecm.v7i1.15166,,,A GENERALIZAÇÃO DE PADRÕES MATEMÁTICOS NA EDUCAÇÃO BÁSICA: UMA PESQUISA BIBLIOGRÁFICA,"Esta pesquisa está associada ao Programa de Pós-Graduação XXX, da Universidade Federal do YYY, e, com ela, intencionou-se responder: O que se tem pesquisado sobre a generalização de padrões matemáticos no âmbito da educação básica? Realizou-se uma pesquisa bibliográfica por meio de uma busca no catálogo online de teses e dissertações da Coordenação de Aperfeiçoamento de Pessoal de Nível Superior (Capes), no repositório da Universidade do Minho e da Universidade de Lisboa, ambas de Portugal. A análise das 14 pesquisas localizadas evidenciou que os enfoques dos trabalhos foram, principalmente, estes: o desenvolvimento da generalização de padrões dos estudantes (que dificuldades enfrentam e quais estratégias e representações utilizam); o desenvolvimento do pensamento algébrico (as contribuições deste para o aluno) e as contribuições de propostas pedagógicas ou tarefas para o desenvolvimento da generalização de padrões e do pensamento algébrico dos estudantes da educação básica. Destaca-se que nenhuma pesquisa relacionou a generalização de padrões ao desenvolvimento do pensamento matemático avançado, tal como se defendeu no referencial teórico deste artigo, sendo essa relação, portanto, uma possível temática para investigações posteriores.","Mylena Simões Campos,J. Gualandi",Revista Brasileira de Ensino de Ciências e Matemática,2024
10.18764/2966-1196v1n2.2024.26,,,Rousseau: a generalização do interesse e da vontade,"A temática desenvolvida neste artigo versa sobre a generalização da vontade e do interesse, mostrando a importância da base antropológica para a formação do interesse bem compreendido do cidadão. A análise da discussão entre Rousseau e Diderot no Manuscrito de Genebra foi o ponto de partida das reflexões aqui apresentadas, levando à percepção de que Rousseau vincula a capacidade de generalizar ideias com a capacidade do indivíduo de separar-se de si mesmo. Condição sem a qual este não seria capaz de “considerar a espécie” e assumir os deveres que o engajamento exige. Significa dizer que “separação de si” implica uma aprendizagem, uma educação para tal condição. Isso é precisamente o que o “homme indépendent” não pode realizar de imediato, seria necessário fazê-lo ver de que maneira o seu interesse pessoal exigiria que ele se submetesse à vontade geral.",M. Vento,Revista Iluminus,2024
10.5753/sbseg_estendido.2024.243361,,,SigAPI AutoCraft: uma ferramenta de seleção de características com capacidade de generalização,"Neste trabalho apresentamos a SigAPI AutoCraft, uma ferramenta de seleção de características com generalização nativamente incorporada. A partir de uma avaliação empírica extensa, utilizando dez datasets distintos e heterogêneos, podemos concluir que a SigAPI AutoCraft possui uma capacidade de generalização superior à maioria dos métodos sofisticados de seleção de características no contexto de malwares Android.","Laura C. Tschiedel,V. Rocha,Diego Kreutz,Hendrio L. S. Bragança,Silvio E. Quincozes,A. G. D. Nogueira,Joner Assolin",Anais Estendidos do XXIV Simpósio Brasileiro de Segurança da Informação e de Sistemas Computacionais (SBSeg Estendido 2024),2024
10.18542/rebac.v20i0.16467,,,"Respostas operantes sob controle de novos antecedentes: Generalização de Estímulos, Leitura Recombinativa e Relações Derivadas","Na Análise do Comportamento, estudos na área de controle de estímulos investigam como determinadas respostas se tornam mais prováveis na presença de certos estímulos antecedentes. O objetivo desse artigo é apresentar três processos operantes em que a resposta pode ficar sob controle de novos estímulos sem necessidade de aprendizagem direta: generalização de estímulos, leitura recombinativa e relações derivadas. Generalização de estímulos foi definido como um processo em que após uma história de condicionamento operante a classe de respostas reforçada sob controle de um determinado estímulo antecedente passa a ser emitida diante de novos estímulos que compartilham propriedades físicas em comum ou semelhantes ao Sd. Leitura recombinativa se refere ao fenômeno em que respostas textuais ficam sob controle de unidades menores do que uma palavra (letras, sílabas) e que quando tais unidades são recombinadas, formando novos estímulos, as respostas mantêm-se adequadas à nova condição de estímulos. Já as relações derivadas são identificadas quando respostas relacionais são emitidas diante de novas configurações arbitrárias de estímulos e sob controle de dicas contextuais. Discute-se as semelhanças e diferenças entre os três processos, destacando o quanto contribuem para a complexidade e amplitude do repertório humano, bem como sua importância para o planejamento de intervenções.Palavras-chave: controle de estímulos; generalização de estímulos; leitura recombinativa; equivalência de estímulos; teoria das molduras relacionais.","Vinicius Pereira De Sousa,Sarah Izbicki,H. Angelo,Enzo Banti Bissoli",Revista Brasileira de Análise do Comportamento,2024
10.62876/rm.v1i32.6973,,,Una lectura caribeña del Atlas de la historia cartográfica de Venezuela,"Este trabajo se propone una lectura caribeña del Atlas de labistoria cartográfica de Venezuela de Hermann GonzálezOropeza, en un carácter de relato de la cartografía del país ycomo intento de reapropiación de una historia perdidadurante el siglo XIX.",Lulú Giménez Saldivia,Revista Montalbán,2024
10.1590/interface.230348,,,Entre baques e atraques: cenas de uma pesquisa cartográfica entre o Sistema Único de Saúde (SUS) e a saúde suplementar,"A pesquisa cartográfica se caracteriza pela imersão da pessoa pesquisadora no território afetivo-existencial a ser pesquisado. Este artigo põe em análise, por meio dessa proposta metodológica, as implicações e sobreimplicações de um pesquisador negro, bissexual e médico de Família e Comunidade em um contexto de trabalho e pesquisa entre uma Unidade Básica de Saúde (UBS) e uma clínica de atenção primária de um plano privado de saúde localizada no município de Natal, RN. Ele desvela, por meio da “escrevivência” de quatro cenas, a precarização do processo de trabalho, a deterioração de algumas ferramentas clínicas e a forte presença de um racismo estrutural e institucional.","Isaac Linhares De Oliveira,Matias Aidan Cunha De Sousa,João Gustavo Xavier De Queiroz,Juliana Sampaio","Interface - Comunicação, Saúde, Educação",2024
10.54751/revistafoco.v16n2-192,,,GENERALIZAÇÃO E TRANSFERIBILIDADE: AS POSSIBILIDADES DA PESQUISA QUALITATIVA,"Pretendemos através deste artigo explorar e nos manifestar acerca de alguns conceitos para além dos questionamentos entre as vertentes qualitativas e quantitativas, mas expor como aquela apresenta a validade de suas investigações e a acreditação de seus resultados. As concepções construídas e apresentadas nesse trabalho são frutos germinados das discussões e leituras desenvolvidas na disciplina de Metodologia Qualitativa de Pesquisa Social em Saúde, ofertada no curso de Pós-graduação Stricto Sensu em Saúde Pública. Ao longo das considerações abordaremos dois conceitos distintos: a generalização e a transferibilidade como conceitos essenciais à validade na pesquisa qualitativa. Contudo, o ponto fundamental que buscamos destacar, no que diz respeito, especialmente, à generalização como possibilidade dos pressupostos da corrente qualitativa, é que esta maturidade e segurança dependerá, notadamente, do conforto teórico e metodológico do investigador social.","Maria Iara Socorro Martins,Francisco Ariclene Oliveira,Daniel Germano Alcântara,Paula Roberta Germano Dias,Emanuela Pinto Vieira,Francimara Silva Sousa,Arisa Nara Saldanha de Almeida,Jordan Prazeres Freitas Da Silva",Revista Foco,2023
10.5335/rbecm.v6i1.13740,,,UM OLHAR SOBRE O PROCESSO DE GENERALIZAÇÃO EM PESQUISAS SOBRE A FORMAÇÃO DE PROFESSORES QUE ENSINAM MATEMÁTICA,"Nesta investigação, de natureza bibliográfica do tipo revisão integrativa, apresentamos algumas reflexões teóricas sobre o processo de generalização como elemento essencial para a formação de conceitos e o desenvolvimento do pensamento. O objetivo consiste em analisar como o processo de generalização é contemplado em pesquisas sobre formação de professores que ensinam Matemática à luz da Teoria Histórico-Cultural. Os dados foram obtidos por meio do mapeamento de artigos científicos publicados na plataforma Scientific Eletronic Library Online (SciELO). A análise foi sustentada nos pressupostos da Teoria Histórico-Cultural. Os resultados indicam que generalização é um processo essencial para o desenvolvimento do pensamento, porém ainda são escassos os elementos teórico-metodológicos que possibilitem sua concretização no processo de formação de conceitos matemáticos.","Ediséia Suethe Faust Hobold,Josélia Euzébio Da Rosa",Revista Brasileira de Ensino de Ciências e Matemática,2023
10.18227/2447-7028rct.v97236,,,Uma generalização do teorema de Etiene,"Neste trabalho apresentamos uma generalização do Teorema de Etiene, o qual esta relacionado à construção do gráfico de uma função quadrática. Alm disso, propomos uma nova sequência de passos para a construção do gráfico  de uma função quadrática.",Elzimar Oliviera Rufino,RCT: Revista de Ciência e Tecnologia,2023
10.62236/missoes.v10i2.316,,,ALFABETIZAÇÃO CARTOGRÁFICA,"O processo de ensino/aprendizagem dos conceitos espaciais e da sua representação cartográfica não é uma tarefa fácil para os professores nos Anos Iniciais do Ensino Fundamental, pois o professor deve assimilar e compreender os conceitos geográficos e os fundamentos onde estão calcadas as primeiras noções relacionadas à cartografia escolar. Somam-se a isso as limitações da formação dos professores no tocante a conhecimentos que os habilitem a desenvolver procedimentos metodológicos claros e completos voltados para o processo de alfabetização cartográfica, implicando fragilidades no ensino/aprendizagem da cartografia escolar. Diante desse contexto, a ideia desse artigo é socializar uma prática geográfica desenvolvida em sala de aula no âmbito da alfabetização cartográfica, realizada com uma turma multisseriada do 1º ao 3º Ano e uma turma de 4º ano do Ensino Fundamental na Escola Ambiental no município de Lajedo – PE. Por esse motivo, o presente texto faz uma breve abordagem teórica sobre a linguagem e alfabetização cartográfica, a qual orientou a proposição da prática pedagógica presente de forma pormenorizada na segunda parte do texto. 
 ","J. F. D. Silva,Edvânia Torres Aguiar Gomes",Missões,2024
10.14393/rcg259869967,,,SIMBOLOGIA CARTOGRÁFICA EM MAPAS TEMÁTICOS - UMA EXPERIÊNCIA NO ENSINO FUNDAMENTAL II,"A simbologia cartográfica é composta por uma variedade de elementos gráficos empregados pela Cartografia para facilitar a comunicação visual no processo de representação espacial. A familiarização com a simbologia cartográfica desde o ensino fundamental é crucial para desenvolver cidadãos proficientes na leitura de mapas. Este artigo relata o planejamento e a implementação de uma proposta de ensino- aprendizagem para a leitura da simbologia cartográfica em mapas temáticos do Brasil por estudantes do 7º ano do Ensino Fundamental II. No planejamento adotou-se os pressupostos do alinhamento construtivo e para a dinâmica de ensino foi adotado o modelo de sala de aula invertida, com auxílio de roteiros de aprendizagem e de resolução de situações-problemas, tendo como suporte mapas temáticos do Brasil para a identificação das relações e das variáveis visuais, assim como dos modos de implantação utilizados na representação dos fenômenos. Os resultados obtidos evidenciaram progresso dos estudantes em relação à aprendizagem dos conteúdos, sobretudo, na identificação das relações e das variáveis visuais. A pesquisa também apontou para a necessidade de ajustes na carga horária, pois o tempo das aulas de Geografia é insuficiente para que os grupos realizem discussões mais profundas imediatamente após a resolução das situações-problemas.","Marcos Farias De Holanda,A. Mendonça",Caminhos de Geografia,2024
10.5753/sbgames.2024.241197,,,Estratégias Adaptadas aos Jogos Digitais de RPG para o Ensino e Aprendizagem Cartográfica,"A cartografia é uma dimensão da geografia escolar, trabalhada ao longo de todos os anos escolares. O presente artigo propõe a implementação de quests cartográficas em um jogo educacional digital, com o objetivo de aprimorar o ensino de Geografia por meio da prática cartográfica e da representação espacial. A metodologia utilizada envolve a integração de conceitos geográficos, utilizando narrativas e evolução de personagens para aumentar o engajamento dos alunos. Os resultados esperados incluem a melhoria na compreensão cartográfica, maior motivação dos estudantes e uma abordagem mais interativa e prática no ensino de Geografia.","Fábio Da Silva,C. Madeira",Brazilian Symposium on Games and Digital Entertainment,2024
10.5753/sbrc.2025.6353,,,Impacto da Redução de Dimensão e Seleção de Atributos na Generalização de Modelos de Detecção de Intrusão,"Trabalhos anteriores apresentam poucas iniciativas voltadas à melhoria da generalização de modelos de detecção de intrusão em cenários distintos de tráfego de rede. Na busca por soluções para esse problema, destaca-se o uso frequente da técnica de Redução de Dimensão. No entanto, análises comparativas entre essa técnica e outras abordagens semelhantes ainda são escassas. Este trabalho propõe a implementação e a análise comparativa da Redução de Dimensão e da Seleção de Atributos, com o objetivo de avaliar seus impactos como estratégias para melhorar a generalização de modelos de detecção de intrusão baseados em aprendizado de máquina. Os resultados obtidos indicam que ambas podem contribuir no enfrentamento desse desafio.","Kelson Carvalho Santos,Rodrigo Sanches Miani",Brazilian Symposium on Computer Networks and Distributed Systems,2025
10.12957/riae.2023.80661,,,A ESCRITA CARTOGRÁFICA E A DIMENSÃO COLETIVA DA EXPERIÊNCIA,"O estudo dá continuidade à discussão do problema da escrita nas pesquisas que utilizam o método da cartografia em teses, dissertações e artigos. O ponto de partida é a definição da cartografia como princípio metodológico do rizoma (DELEUZE; GUATTARI,1995) e as pistas propostas por Passos, Kastrup e Escóssia (2009) e por Passos, Kastrup e Tedesco (2014). O objetivo é analisar as dificuldades e estratégias de aprendizado da escrita cartográfica nos espaços de formação, destacando a dimensão coletiva da experiência da pesquisa. Destaca que a grande diretriz da política de escrita cartográfica é evitar a política de escrita representacional, baseada em informações supostamente objetivas e neutras. O estudo analisa também a experiência de uma oficina de escrita realizada na pandemia e destaca a potência de ecossistemas menos hierarquizados e mais favoráveis à escuta atenta, à partilha de afetos e ao cuidado. Procura demonstrar que a escrita cartográfica é baseada numa política cognitiva inventiva e  possui uma dimensão coletiva, mesmo quando se faz a partir da experiência que é narrada em primeira pessoa do singular. Conclui que escrever com os afetos requer estratégias de desconstrução da política de escrita representacional e a experimentação de estratégias de escrita inventiva e coletiva, com vistas à produção de efeitos de contágio e de intervenção.",Virgínia Kastrup,Revista Interinstitucional Artes de Educar,2023
10.5216/signos.v5.74111,,,O histórico da presença da linguagem cartográfica nos currículos escolares brasileiros dos Anos Iniciais do Ensino Fundamental,"A linguagem cartográfica é uma ferramenta fundamental da Geografia Escolar, pois permite a representação visual do espaço geográfico e de suas características. Ela possibilita a construção de mapas e outras representações gráficas que ajudam a compreender as relações entre os fenômenos geográficos e suas interações. Apesar da importância da cartografia para a humanidade, as metodologias de ensino sobre cartografia nem sempre estiveram presentes nos currículos escolares e os mapas eram utilizados apenas como meio de localização dos objetos de estudo. Neste contexto, o presente artigo analisa e discute como os mapas foram utilizados ao longo da história da Geografia Escolar e como a linguagem cartográfica conquistou o seu espaço nos currículos escolares brasileiros. Para tanto, realizou-se uma revisão bibliográfica de autores clássicos da História da Geografia Escolar, da Cartografia Escolar e dos documentos curriculares que nortearam a educação brasileira. Os resultados indicam que, de modo geral, a linguagem cartográfica conquistou o seu espaço no campo de batalhas do currículo escolar por meio de pesquisas acadêmicas iniciadas no final da década de 1970 que ressaltavam a sua importância desde os Anos Iniciais do Ensino Fundamental. As universidades e a Associação dos Geógrafos Brasileiros foram importantes para os debates sobre os paradigmas teóricos da Cartografia Escolar e as suas mudanças de perspectivas ao longo da história. Destarte os apontamentos críticos, os Parâmetros Curriculares Nacionais (PCNs), e mais recentemente, a Base Nacional Comum Curricular (BNCC) ressaltam a importância da Cartografia Escolar e da linguagem cartográfica entendida como uma ferramenta fundamental para o ensino de Geografia, que deve ser abordada de forma integrada com outros conteúdos e desenvolvida de forma crítica e reflexiva.","Vanderson Rafael Muller Dapper,Ericson Hideki Hayakawa,Terezinha Corrêa Lindino",Revista Signos Geográficos,2023
